{"cameraMode":{"drawMode":0,"name":"Shaded","section":"Shading Mode"},"sceneLighting":false,"audioPlay":false,"sceneViewState":{"showFog":true,"showMaterialUpdate":false,"showSkybox":true,"showFlares":true,"showImageEffects":true,"showParticleSystems":true},"in2DMode":false,"pivot":{"x":-1.4541654586791993,"y":0.44999998807907107,"z":1.7721071243286133},"rotation":{"x":-0.302261620759964,"y":0.17092914879322053,"z":-0.05518927425146103,"w":-0.936154842376709},"size":2.8578836917877199,"orthographic":false}