{"cameraMode":{"drawMode":0,"name":"Shaded","section":"Shading Mode"},"sceneLighting":false,"audioPlay":false,"sceneViewState":{"showFog":true,"showMaterialUpdate":false,"showSkybox":true,"showFlares":true,"showImageEffects":true,"showParticleSystems":true},"in2DMode":false,"pivot":{"x":0.4699999988079071,"y":0.44999998807907107,"z":1.7721071243286133},"rotation":{"x":-0.10151295363903046,"y":0.7633678913116455,"z":-0.12382563203573227,"w":-0.6258103847503662},"size":1.6429448127746583,"orthographic":false}